{"cameraMode":{"drawMode":0,"name":"Shaded","section":"Shading Mode"},"sceneLighting":true,"audioPlay":false,"sceneViewState":{"showFog":true,"showMaterialUpdate":false,"showSkybox":true,"showFlares":true,"showImageEffects":true,"showParticleSystems":true},"in2DMode":false,"pivot":{"x":-10.491297721862793,"y":40.775306701660159,"z":20.29617691040039},"rotation":{"x":0.09793999791145325,"y":0.7984359860420227,"z":-0.13517431914806367,"w":0.5784920454025269},"size":48.586544036865237,"orthographic":false}